<?xml version="1.0" encoding="UTF-8"?>
<BC_PEP xmlns="https://dd.info-rac.org/namespaces/4" xmlns:xsi="http://www.w3.org/2001/XMLSchema-instance" xsi:schemaLocation="https://dd.info-rac.org/namespaces/4 https://dd.info-rac.org/v2/dataset/15/schema-dst-15.xsd">
  <country/>
  <contacting_party>
    <partyname/>
    <rep_period_from/>
    <rep_period_to/>
    <institution_name/>
    <officer_name/>
    <mailing_address/>
    <tel/>
    <fax/>
    <email/>
    <contact_point/>
    <instituion_full_name/>
    <national_mailing_address/>
    <national_tel/>
    <national_fax/>
    <national_email/>
    <national_signature/>
    <national_date/>
    <org_name/>
    <org_contact_point/>
    <org_tel/>
    <org_fax/>
    <org_email/>
  </contacting_party>
  <measuresdata>
    <Row>
      <changes/>
      <collection_id/>
      <difficulties_comments/>
      <description/>
      <status_comments/>
      <status/>
      <parent_collection_id/>
    </Row>
  </measuresdata>
  <measuredata_difficulty>
    <Row>
      <collection_id/>
      <difficulty/>
    </Row>
  </measuredata_difficulty>
  <dumping_at_sea_permits>
  </dumping_at_sea_permits>
  <quantities_dry_weight_of_dredged_material>
  </quantities_dry_weight_of_dredged_material>
  <biennieal_summary_wastes>
  </biennieal_summary_wastes>
  <dump_sites_coordinates>
  </dump_sites_coordinates>
  <monitoring>
  </monitoring>
  <placement>
  </placement>
</BC_PEP>
