{
  "BC_PEP":
  {
    "@xmlns": "https://dd.info-rac.org/namespaces/4",
    "@xmlns:xsi": "http://www.w3.org/2001/XMLSchema-instance",
    "@xsi:schemaLocation": "https://dd.info-rac.org/namespaces/4 https://dd.info-rac.org/v2/dataset/15/schema-dst-15.xsd",
    "country": "AL",
    "contacting_party":
    {
      "partyname": "AL",
      "rep_period_from": "51512-02-04",
      "rep_period_to": "0515-05-12",
      "institution_name": "5wras",
      "officer_name": "gasgsag",
      "mailing_address": "fssa",
      "tel": "gasgas",
      "fax": "gasgas",
      "email": "gasgasg@saga",
      "contact_point": "sgasg",
      "instituion_full_name": "sagsag",
      "national_mailing_address": "asgasg",
      "national_tel": null,
      "national_fax": null,
      "national_email": null,
      "national_signature": null,
      "national_date": null,
      "org_name": "gasgas",
      "org_contact_point": "gasgas",
      "org_tel": "gasgas",
      "org_fax": null,
      "org_email": null
    },
    "measuresdata":
    {
      "Row": [
      {
        "description": "Maintenance and promotion of contingency plans and other means (i.e. pre-positioned response equipment and training courses for both operating and supervisory level response personnel) of preventing and combating oil and hazardous and noxious substances(HNS) pollution incidents",
        "parent_collection_id": 302,
        "collection_id": 3001,
        "changes": true,
        "difficulties": null,
        "difficulties_comments": "asgasgas",
        "status": 1,
        "status_comments": "gasgasg"
      },
      {
        "description": "Designation of a national authority or authorities responsible for the implementation of the Prevention and Emergency Protocol",
        "parent_collection_id": 302,
        "collection_id": 3002,
        "changes": true,
        "difficulties": null,
        "difficulties_comments": null,
        "status": 1,
        "status_comments": "asgasgs"
      },
      {
        "description": "Informing the Regional Centre (REMPEC) every two years of the measures taken for the implementation of the Prevention and Emergency Protocol",
        "parent_collection_id": 302,
        "collection_id": 3003,
        "changes": null,
        "difficulties": null,
        "difficulties_comments": null,
        "status": null,
        "status_comments": null
      },
      {
        "description": "Development of monitoring and surveillance programmes and activities aimed at detecting oil and HNS pollution incidents whether accidental or operational and illicit discharges",
        "parent_collection_id": 302,
        "collection_id": 3004,
        "changes": true,
        "difficulties": null,
        "difficulties_comments": null,
        "status": 1,
        "status_comments": "gasgasggsagagasg"
      },
      {
        "description": "Issuing of instructions to masters of ships flying your flag and pilots of aircrafts registered in their territory to report on actual or potential oil and HNS pollution incidents to the designated national authority or authorities and the nearest Coastal State",
        "parent_collection_id": 302,
        "collection_id": 3005,
        "changes": null,
        "difficulties": null,
        "difficulties_comments": null,
        "status": null,
        "status_comments": null
      },
      {
        "description": "Ensuring that the master of every ship sailing in their territorial waters report on actual or potential oil and HNS pollution incidents to the designated national authority or authorities and the nearest Coastal State",
        "parent_collection_id": 302,
        "collection_id": 3006,
        "changes": null,
        "difficulties": null,
        "difficulties_comments": null,
        "status": null,
        "status_comments": null
      },
      {
        "description": "Issuing of instructions to Port and Port Facility Authorities and offshore installations under their jurisdiction to report on actual or potential oil and HNS pollution incidents to the designated national authorities or authorities",
        "parent_collection_id": 302,
        "collection_id": 3007,
        "changes": null,
        "difficulties": null,
        "difficulties_comments": null,
        "status": null,
        "status_comments": null
      },
      {
        "description": "Communication to REMPEC and those Contracting Parties likely to be affected of information on actual or potential oil and HNS pollution incidents collected by masters of ships flying your flag, pilots of aircrafts registered in your territory, Port and Port Facility Authorities and offshore installations under their jurisdiction",
        "parent_collection_id": 302,
        "collection_id": 3008,
        "changes": null,
        "difficulties": null,
        "difficulties_comments": null,
        "status": null,
        "status_comments": null
      },
      {
        "description": "Conducting oil and HNS pollution incident assessments (i.e. nature, extent and possible consequences) and taking every practical measure to prevent, reduce and, to the fullest possible extent, eliminate the effects of the pollution incident",
        "parent_collection_id": 302,
        "collection_id": 3009,
        "changes": null,
        "difficulties": null,
        "difficulties_comments": null,
        "status": null,
        "status_comments": null
      },
      {
        "description": "Ensuring that ships flying their flag have on board a pollution emergency plan as required by, and in accordance with, the relevant international regulations",
        "parent_collection_id": 302,
        "collection_id": 3010,
        "changes": null,
        "difficulties": null,
        "difficulties_comments": null,
        "status": null,
        "status_comments": null
      },
      {
        "description": "Masters of ships flying their flag follow the procedures described in the shipboard emergency plan in case of oil and HNS pollution incidents",
        "parent_collection_id": 302,
        "collection_id": 3011,
        "changes": null,
        "difficulties": null,
        "difficulties_comments": null,
        "status": null,
        "status_comments": null
      },
      {
        "description": "Ensuring that the master of every ship sailing in their territorial waters follows the procedures described in the shipboard emergency plan in case of oil and HNS pollution incidents",
        "parent_collection_id": 302,
        "collection_id": 3012,
        "changes": null,
        "difficulties": null,
        "difficulties_comments": null,
        "status": null,
        "status_comments": null
      },
      {
        "description": "Authorities or operators in charge of sea ports handling facilities have pollution emergency plans or other similar arrangements coordinated with the national system",
        "parent_collection_id": 302,
        "collection_id": 3013,
        "changes": null,
        "difficulties": null,
        "difficulties_comments": null,
        "status": null,
        "status_comments": null
      },
      {
        "description": "Operators in charge of offshore installations under their jurisdiction have a contingency plan coordinated with the national system",
        "parent_collection_id": 302,
        "collection_id": 3014,
        "changes": null,
        "difficulties": null,
        "difficulties_comments": null,
        "status": null,
        "status_comments": null
      },
      {
        "description": "Taking the necessary legal or administrative measures to facilitate the entry into, stay in and departure from their national territory of equipment, products and personnel engaged in responding to a pollution incident",
        "parent_collection_id": 302,
        "collection_id": 3015,
        "changes": null,
        "difficulties": null,
        "difficulties_comments": null,
        "status": null,
        "status_comments": null
      },
      {
        "description": "Ensuring that port reception facilities meeting the needs of ships (including pleasure craft), are available in their ports and terminals",
        "parent_collection_id": 302,
        "collection_id": 3016,
        "changes": null,
        "difficulties": null,
        "difficulties_comments": null,
        "status": null,
        "status_comments": null
      },
      {
        "description": "Ensuring that port reception facilities are used efficiently, without causing any undue delay to ships and limiting discharges to the marine environment",
        "parent_collection_id": 302,
        "collection_id": 3017,
        "changes": null,
        "difficulties": null,
        "difficulties_comments": null,
        "status": null,
        "status_comments": null
      },
      {
        "description": "Ensuring that ships using the ports of the Parties are provided with updated information with respect to obligations under the MARPOL Convention and applicable national legislation",
        "parent_collection_id": 302,
        "collection_id": 3018,
        "changes": null,
        "difficulties": null,
        "difficulties_comments": null,
        "status": null,
        "status_comments": null
      },
      {
        "description": "Assessing the environmental risks of the recognized routes used in maritime traffic",
        "parent_collection_id": 302,
        "collection_id": 3019,
        "changes": null,
        "difficulties": null,
        "difficulties_comments": null,
        "status": null,
        "status_comments": null
      },
      {
        "description": "Taking appropriate measures aimed at reducing the risks of accidents or their environmental consequences",
        "parent_collection_id": 302,
        "collection_id": 3020,
        "changes": null,
        "difficulties": null,
        "difficulties_comments": null,
        "status": null,
        "status_comments": null
      },
      {
        "description": "Defining national, sub-regional or regional strategies concerning reception in ports and places of refuge, of ships in distress presenting a threat to the marine environment",
        "parent_collection_id": 302,
        "collection_id": 3021,
        "changes": null,
        "difficulties": null,
        "difficulties_comments": null,
        "status": null,
        "status_comments": null
      },
      {
        "description": "Dissemination of information on designated national authorities with responsibilities, including operational responsibilities, in case of oil and HNS pollution incidents",
        "parent_collection_id": 302,
        "collection_id": 3022,
        "changes": null,
        "difficulties": null,
        "difficulties_comments": null,
        "status": null,
        "status_comments": null
      },
      {
        "description": "Dissemination of information on national regulations and other matters directly related to preparedness for and response to pollution of the sea by oil or other hazardous and noxious substances",
        "parent_collection_id": 302,
        "collection_id": 3023,
        "changes": null,
        "difficulties": null,
        "difficulties_comments": null,
        "status": null,
        "status_comments": null
      },
      {
        "description": "Dissemination of information on new ways in which pollution of the sea by oil or other hazardous and noxious substances may be avoided, new measures for combating pollution, new developments in the technology of conducting monitoring and the development of research programmes.",
        "parent_collection_id": 302,
        "collection_id": 3024,
        "changes": null,
        "difficulties": null,
        "difficulties_comments": null,
        "status": null,
        "status_comments": null
      },
      {
        "description": "Coordination of the means of communication to ensure, with the necessary speed ad and reliability, the reception, transmission and dissemination of reports and urgent information concerning pollution incidents",
        "parent_collection_id": 302,
        "collection_id": 3025,
        "changes": null,
        "difficulties": null,
        "difficulties_comments": null,
        "status": null,
        "status_comments": null
      },
      {
        "description": "National response strategy for marine pollution incidents adopted including a policy for the use of dispersants",
        "parent_collection_id": 304,
        "collection_id": 3026,
        "changes": null,
        "difficulties": null,
        "difficulties_comments": "gsagsag",
        "status": 1,
        "status_comments": "saga"
      },
      {
        "description": "National Contingency Plan covers:",
        "parent_collection_id": 304,
        "collection_id": 3027,
        "changes": null,
        "difficulties": null,
        "status": null,
        "status_comments": null,
        "contingency_plan":[1,2]
      },
      {
        "description": "National stockpiles of pre-positioned oil and HNS spill response equipment, including naval and aerial means, established",
        "parent_collection_id": 304,
        "collection_id": 3028,
        "changes": null,
        "difficulties": null,
        "difficulties_comments": null,
        "status": null,
        "status_comments": null
      },
      {
        "description": "Regular exercises are carried out to test the National Contingency Plan",
        "parent_collection_id": 304,
        "collection_id": 3029,
        "changes": null,
        "difficulties": null,
        "difficulties_comments": null,
        "status": null,
        "status_comments": null
      },
      {
        "description": "Local contingency plans, including port contingency plans, adopted",
        "parent_collection_id": 304,
        "collection_id": 3030,
        "changes": null,
        "difficulties": null,
        "difficulties_comments": null,
        "status": null,
        "status_comments": null
      },
      {
        "description": "Local plans, including port contingency plans, are integrated with the National Contingency Plan",
        "parent_collection_id": 304,
        "collection_id": 3031,
        "changes": null,
        "difficulties": null,
        "difficulties_comments": null,
        "status": null,
        "status_comments": null
      },
      {
        "description": "Local plans, including port contingency plans, are integrated with the industry emergency procedures",
        "parent_collection_id": 304,
        "collection_id": 3032,
        "changes": null,
        "difficulties": null,
        "difficulties_comments": null,
        "status": null,
        "status_comments": null
      },
      {
        "description": "Participation in sub-regional agreements regarding emergency situations adopted",
        "parent_collection_id": 304,
        "collection_id": 3033,
        "changes": null,
        "difficulties": null,
        "difficulties_comments": null,
        "status": null,
        "status_comments": null
      }]
    },
    "measuredata_difficulty":
    {
      "Row": [
      {
        "collection_id": 3001,
        "difficulty": 1
      },
      {
        "collection_id": 3001,
        "difficulty": 2
      },
      {
        "collection_id": 3001,
        "difficulty": 3
      },
      {
        "collection_id": 3001,
        "difficulty": 4
      },
      {
        "collection_id": 3001,
        "difficulty": 5
      },
      {
        "collection_id": 3002,
        "difficulty": 2
      },
      {
        "collection_id": 3002,
        "difficulty": 4
      },
      {
        "collection_id": 3002,
        "difficulty": 5
      },
      {
        "collection_id": 3002,
        "difficulty": 3
      },
      {
        "collection_id": 3004,
        "difficulty": 4
      },
      {
        "collection_id": 3004,
        "difficulty": 2
      },
      {
        "collection_id": 3004,
        "difficulty": 3
      },
      {
        "collection_id": 3004,
        "difficulty": 1
      },
      {
        "collection_id": 3026,
        "difficulty": 2
      },
      {
        "collection_id": 3026,
        "difficulty": 1
      },
      {
        "collection_id": 3026,
        "difficulty": 4
      },
      {
        "collection_id": 3026,
        "difficulty": 3
      },
      {
        "collection_id": 3026,
        "difficulty": 5
      }]
    },
    "pollincidents":
    {
      "Row": 
      {
        "collection_id": null,
        "parent_collection_id": null,
        "description": null,
        "ship_name": 3523532,
        "latitude": 5125125,
        "longitude": 1512512,
        "geo_info": 512521512,
        "country": "5wafaga",
        "accident": 8,
        "date": "3252-03-25",
        "pollution": true,
        "pollution_type": 1,
        "ship_category": 4,
        "ship_flag": "awgasg",
        "offshore_name_id": "sgasgas",
        "installation_type": 2,
        "oil_name_id": 3525235,
        "oil_type": 2,
        "actions": true,
        "actions_taken": "gasgasgas"
      }
     
    },
    "pollincidentsInfo": false
  }
}
